title,authors,clean_text,emotion
The Hunger Games,Suzanne Collins,hunger game,joy
The Lovely Bones,Alice Sebold,lovely bone,love
Gone Girl,Gillian Flynn,go girl,joy
The Time Traveler's Wife,Audrey Niffenegger,time traveler wife,joy
A Game of Thrones,George R.R. Martin,game throne,joy
"Eat, pray, love: one woman's search for everything across Italy, India and Indonesia",Elizabeth Gilbert,eat pray love one woman search everything across italy india indonesia,joy
Life of Pi,Yann Martel,life pi,joy
Brave New World,Aldous Huxley,brave new world,joy
The Secret Life of Bees,Sue Monk Kidd,secret life bee,joy
The Girl on the Train,Paula Hawkins,girl train,joy
Ender's Game,Orson Scott Card,enders game,joy
Un di Velt Hot Geshvign,"Elie Wiesel, Marion Wiesel",un di velt hot geshvign,love
Me Talk Pretty One Day,David Sedaris,talk pretty one day,joy
The Joy Luck Club,Amy Tan,joy luck club,joy
Steve Jobs,Walter Isaacson,steve job,joy
Divine Secrets of the Ya-Ya Sisterhood,Rebecca Wells,divine secret yaya sisterhood,joy
Girl with a Pearl Earring,Tracy Chevalier,girl pearl earring,joy
American Gods,Neil Gaiman,american god,joy
The Other Boleyn Girl,Philippa Gregory,boleyn girl,joy
A Dance with Dragons,George R.R. Martin,dance dragon,joy
Marley & Me: Life and Love with the World's Worst Dog,John Grogan,marley life love world bad dog,joy
One for the Money,Janet Evanovich,one money,joy
The Art of Racing in the Rain,Garth Stein,art race rain,joy
Twilight: The Complete Illustrated Movie Companion,Mark Cotta Vaz,twilight complete illustrated movie companion,joy
Along Came a Spider,James Patterson,along come spider,joy
Kiss the Girls,James Patterson,kiss girl,joy
"PS, I Love You",Cecelia Ahern,p love,joy
"Good Omens: The Nice and Accurate Prophecies of Agnes Nutter, Witch","Terry Pratchett, Neil Gaiman",good omen nice accurate prophecy agnes nutter witch,joy
Good in Bed,Jennifer Weiner,good bed,joy
The Ultimate Hitchhiker's Guide: Five Complete Novels and One Story,Douglas Adams,ultimate hitchhiker guide five complete novel one story,joy
The Casual Vacancy,J.K. Rowling,casual vacancy,joy
The Wonderful Wizard of Oz,"L. Frank Baum, W.W. Denslow",wonderful wizard oz,joy
Salem's Lot,Stephen King,salem lot,joy
Beloved,Toni Morrison,beloved,love
Im Westen nichts Neues,"Erich Maria Remarque, A.W. Wheen",im westen nichts neues,love
The Five Love Languages: How to Express Heartfelt Commitment to Your Mate,Gary Chapman,five love languages express heartfelt commitment mate,joy
Complete Harry Potter Boxed Set,J.K. Rowling,complete harry potter box set,joy
Go Ask Alice,"Beatrice Sparks, Anonymous",go ask alice,joy
The Purpose Driven Life: What on Earth am I Here For?,Rick Warren,purpose driven life earth,joy
A Streetcar Named Desire,Tennessee Williams,streetcar name desire,joy
The Good Earth,Pearl S. Buck,good earth,joy
Ways of Seeing,John Berger,way see,joy
The Brief Wondrous Life of Oscar Wao,Junot Díaz,brief wondrous life oscar wao,joy
Their Eyes Were Watching God,Zora Neale Hurston,eye watch god,joy
The God Delusion,Richard Dawkins,god delusion,joy
The Clan of the Cave Bear,Jean M. Auel,clan cave bear,joy
The Hunger Games Box Set,Suzanne Collins,hunger game box set,joy
The Complete Tales of Edgar Allan Poe,Edgar Allan Poe,complete tale edgar allan poe,joy
Go Set a Watchman,Harper Lee,go set watchman,joy
Midnight in the Garden of Good and Evil,John Berendt,midnight garden good evil,joy
Life After Life,Kate Atkinson,life life,joy
The Way of Kings,Brandon Sanderson,way king,joy
"Girl, Interrupted",Susanna Kaysen,girl interrupt,joy
Love You Forever,"Robert Munsch, Sheila McGraw",love forever,joy
Orange Is the New Black: My Year in a Women's Prison,Piper Kerman,orange new black year womens prison,joy
"Are You There God? It's Me, Margaret",Judy Blume,god margaret,joy
Patriot Games,Tom Clancy,patriot game,joy
A Visit From the Goon Squad,Jennifer Egan,visit goon squad,joy
Uncle Tom's Cabin or Life Among the Lowly,Harriet Beecher Stowe,uncle tom cabin life among lowly,joy
"I'd Tell You I Love You, But Then I'd Have to Kill You",Ally Carter,id tell love id kill,joy
"Born to Run: A Hidden Tribe, Superathletes, and the Greatest Race the World Has Never Seen",Christopher McDougall,bear run hidden tribe superathletes great race world never see,joy
The Storied Life of A.J. Fikry,Gabrielle Zevin,storied life aj fikry,joy
Think and Grow Rich,Napoleon Hill,think grow rich,joy
Love the One You're With,Emily Giffin,love one youre,joy
The Sound and the Fury,William Faulkner,sound fury,joy
"Brown Bear, Brown Bear, What Do You See?","Bill Martin Jr., Eric Carle",brown bear brown bear see,joy
The Girls' Guide to Hunting and Fishing,Melissa Bank,girl guide hunt fishing,joy
"Life, the Universe and Everything",Douglas Adams,life universe everything,joy
"Scott Pilgrim, Volume 1: Scott Pilgrim's Precious Little Life",Bryan Lee O'Malley,scott pilgrim volume scott pilgrims precious little life,joy
Twenties Girl,Sophie Kinsella,twenty girl,joy
The Complete Sherlock Holmes,Arthur Conan Doyle,complete sherlock holmes,joy
"In the Garden of Beasts: Love, Terror, and an American Family in Hitler's Berlin",Erik Larson,garden beast love terror american family hitler berlin,joy
Specials,Scott Westerfeld,special,joy
Brave New World/Brave New World Revisited,"Aldous Huxley, Christopher Hitchens",brave new worldbrave new world revisit,joy
The Good Girl,Mary Kubica,good girl,joy
Walden; or Life in the Woods,Henry David Thoreau,walden life wood,joy
The Best of Me,Nicholas Sparks,best,joy
Shanghai Girls,Lisa See,shanghai girl,joy
To All the Boys I've Loved Before,Jenny Han,boy ive love,joy
The Westing Game,Ellen Raskin,westing game,joy
The Way of Shadows,Brent Weeks,way shadow,joy
Guess How Much I Love You,"Sam McBratney, Anita Jeram",guess much love,joy
The History of Love,Nicole Krauss,history love,joy
Wicked Lovely ,Melissa Marr,wicked lovely,love
Gerald's Game,Stephen King,geralds game,joy
The Joy of Cooking,"Irma S. Rombauer, Marion Rombauer Becker, Ethan Becker",joy cook,joy
Good to Great: Why Some Companies Make the Leap... and Others Don't,James C. Collins,good great company make leap others dont,joy
The Complete Anne of Green Gables Boxed Set,L.M. Montgomery,complete anne green gable box set,joy
Presumed Innocent,Scott Turow,presume innocent,joy
Cleopatra: A Life,Stacy Schiff,cleopatra life,joy
The Girl Who Loved Tom Gordon,Stephen King,girl love tom gordon,joy
Einstein. His Life and Universe,Walter Isaacson,einstein life universe,joy
Handle with Care,Jodi Picoult,handle care,love
The Zombie Survival Guide: Complete Protection from the Living Dead,Max Brooks,zombie survival guide complete protection living dead,joy
"SuperFreakonomics: Global Cooling, Patriotic Prostitutes, and Why Suicide Bombers Should Buy Life Insurance","Steven D. Levitt, Stephen J. Dubner",superfreakonomics global cool patriotic prostitute suicide bomber buy life insurance,joy
Far from the Madding Crowd,"Thomas Hardy, Rosemarie Morgan, Shannon Russell",far madding crowd,joy
New Moon: The Complete Illustrated Movie Companion,Mark Cotta Vaz,new moon complete illustrated movie companion,joy
A Stolen Life,Jaycee Dugard,stolen life,joy
Ugly Love,Colleen Hoover,ugly love,joy
Hot Six,Janet Evanovich,hot six,love
A Dirty Job,Christopher Moore,dirty job,joy
Moneyball: The Art of Winning an Unfair Game,Michael   Lewis,moneyball art win unfair game,joy
The Girls,Emma Cline,girl,joy
The Goose Girl,Shannon Hale,goose girl,joy
The Forty Rules of Love,"Elif Shafak, إليف شافاق, ارسلان فصیحی, محمد درويش",forty rule love,joy
Tender Is the Night,F. Scott Fitzgerald,tender night,love
"The 4-Hour Workweek: Escape 9-5, Live Anywhere, and Join the New Rich",Timothy Ferriss,hour workweek escape live anywhere join new rich,joy
Loving Frank,Nancy Horan,love frank,joy
Hard Eight,"Janet Evanovich, Lorelei King",hard eight,joy
The Hot Zone: The Terrifying True Story of the Origins of the Ebola Virus,Richard   Preston,hot zone terrify true story origin ebola virus,love
'Salem's Lot The Illustrated Edition,"Stephen King, Jerry N. Uelsmann",salem lot illustrated edition,joy
"Never Too Far (Too Far, #2)",Abbi Glines,never far far,joy
The Statistical Probability of Love at First Sight,Jennifer E. Smith,statistical probability love first sight,joy
Still Life with Woodpecker,Tom Robbins,still life woodpecker,joy
"The Road Less Traveled:  A New Psychology of Love, Traditional Values, and Spiritual Growth",M. Scott Peck,road less travel new psychology love traditional value spiritual growth,joy
Life,Keith Richards,life,joy
On the Origin of Species by Means of Natural Selection or the Preservation of Favoured Races in the Struggle for Life,Charles Darwin,origin specie mean natural selection preservation favoured race struggle life,joy
"Sherlock Holmes: The Complete Novels and Stories, Vol 2","Arthur Conan Doyle, Kyle Freeman",sherlock holmes complete novel story vol,joy
Benjamin Franklin: An American Life,Walter Isaacson,benjamin franklin american life,joy
The Blind Side: Evolution of a Game,Michael   Lewis,blind side evolution game,joy
Small Gods,Terry Pratchett,small god,joy
"Janet Evanovich Three and Four Two-Book Set (Stephanie Plum, #3-4)",Janet Evanovich,janet evanovich three four twobook set stephanie plum,joy
"The Surgeon of Crowthorne: a tale of murder, madness & the love of words",Simon Winchester,surgeon crowthorne tale murder madness love word,joy
The Complete Maus,Art Spiegelman,complete maus,joy
The 3 Mistakes of My Life,Chetan Bhagat,mistake life,joy
A Long Way Down,Nick Hornby,long way,joy
The Prayer of Jabez:  Breaking Through to the Blessed Life,Bruce H. Wilkinson,prayer jabez break bless life,love
My Life in France,"Julia Child, Alex Prud'Homme",life france,joy
Emotional Intelligence 2.0,"Travis Bradberry, Jean Greaves, Patrick Lencioni",emotional intelligence,joy
Notes from a Small Island,Bill Bryson,note small island,joy
Small Favor,Jim Butcher,small favor,joy
Enchanters' End Game,David Eddings,enchanter end game,joy
The Boston Girl,Anita Diamant,boston girl,joy
The Complete Poems of Emily Dickinson,"Emily Dickinson, Thomas H. Johnson",complete poem emily dickinson,joy
PostSecret: Extraordinary Confessions from Ordinary Lives,Frank Warren,postsecret extraordinary confession ordinary life,joy
The Power of Positive Thinking,Norman Vincent Peale,power positive thinking,joy
Emotional Intelligence,Daniel Goleman,emotional intelligence,joy
Ten Big Ones,Janet Evanovich,ten big one,joy
Same Kind of Different as Me,"Ron Hall, Denver Moore, Lynn Vincent",kind different,love
Narrative of the Life of Frederick Douglass,Frederick Douglass,narrative life frederick douglas,joy
Still Life,Louise Penny,still life,joy
The Kitchen God's Wife,Amy Tan,kitchen god wife,joy
The Second Summer of the Sisterhood,Ann Brashares,second summer sisterhood,joy
Born in Fire ,Nora Roberts,bear fire,joy
Real,Katy Evans,real,joy
Born at Midnight,C.C. Hunter,bear midnight,joy
The Crying of Lot 49,Thomas Pynchon,cry lot,joy
The Scorpio Races,Maggie Stiefvater,scorpio race,joy
Furiously Happy,Jenny  Lawson,furiously happy,joy
"Revolution 2020: Love, Corruption, Ambition",Chetan Bhagat,revolution love corruption ambition,joy
A Bear Called Paddington,"Michael Bond, Peggy Fortnum",bear call paddington,joy
The General's Daughter,Nelson DeMille,general daughter,joy
The Innocent,David Baldacci,innocent,joy
The Hypnotist's Love Story,Liane Moriarty,hypnotist love story,joy
You Can Heal Your Life,Louise L. Hay,heal life,joy
Best Friends Forever,Jennifer Weiner,best friend forever,joy
The Mote in God's Eye,"Larry Niven, Jerry Pournelle",mote god eye,joy
Faithful Place,Tana French,faithful place,love
Dance Upon The Air,Nora Roberts,dance upon air,joy
The Magic of Thinking Big,David J. Schwartz,magic think big,joy
"Forever Too Far (Too Far, #3)",Abbi Glines,forever far far,joy
God Emperor of Dune,Frank Herbert,god emperor dune,joy
Geek Love,Katherine Dunn,geek love,joy
Master of the Game,Sidney Sheldon,master game,joy
The Complete Tales of Beatrix Potter,Beatrix Potter,complete tale beatrix potter,joy
Skin Game,Jim Butcher,skin game,joy
"God Bless You, Mr Rosewater or Pearls before Swine",Kurt Vonnegut Jr.,god bless mr rosewater pearl swine,love
The Windup Girl,Paolo Bacigalupi,windup girl,joy
P.S. I Still Love You,Jenny Han,p still love,joy
The Goal,"Eliyahu M. Goldratt, Jeff Cox",goal,joy
Kingdom Come,"Mark Waid, Alex Ross, Elliot S. Maggin",kingdom come,joy
"Love Unscripted (Love, #1)",Tina Reber,love unscripted love,joy
"Cry, The Beloved Country",Alan Paton,cry beloved country,love
How to Be Good,Nick Hornby,good,joy
Gossip Girl,Cecily von Ziegesar,gossip girl,joy
Built to Last: Successful Habits of Visionary Companies,"James C. Collins, Jerry I. Porras",build last successful habit visionary company,joy
The Life We Bury,Allen Eskens,life bury,joy
Still Life with Bread Crumbs,Anna Quindlen,still life bread crumb,joy
Pursuit of God,A.W. Tozer,pursuit god,joy
All-American Girl,Meg Cabot,allamerican girl,joy
The Girl of Fire and Thorns,Rae Carson,girl fire thorn,joy
Every Which Way But Dead,Kim Harrison,every way dead,joy
The Total Money Makeover: A Proven Plan for Financial Fitness,Dave Ramsey,total money makeover proven plan financial fitness,joy
Dreams of Joy (Shanghai Girls #2),Lisa See,dream joy shanghai girl,joy
The Player of Games,Iain M. Banks,player game,joy
"The Killing Dance (Anita Blake, Vampire Hunter, #6)",Laurell K. Hamilton,kill dance anita blake vampire hunter,joy
Cat on a Hot Tin Roof,Tennessee Williams,cat hot tin roof,love
Split Second,David Baldacci,split second,joy
Love Story,Erich Segal,love story,joy
Sweet Evil,Wendy Higgins,sweet evil,joy
My Life,Bill Clinton,life,joy
This Girl,Colleen Hoover,girl,joy
Way of the Peaceful Warrior: A Book That Changes Lives,Dan Millman,way peaceful warrior book change life,joy
Nothing to Envy: Ordinary Lives in North Korea,Barbara Demick,nothing envy ordinary life north korea,joy
Little Bear,"Else Holmelund Minarik, Maurice Sendak",little bear,joy
The Hard Way,Lee Child,hard way,joy
Dance with the Devil,Sherrilyn Kenyon,dance devil,joy
The Perfect Game,J. Sterling,perfect game,joy
Simple Abundance:  A Daybook of Comfort and Joy,Sarah Ban Breathnach,simple abundance daybook comfort joy,joy
These Happy Golden Years,"Laura Ingalls Wilder, Garth Williams",happy golden year,joy
The Sweet Far Thing,Libba Bray,sweet far thing,love
Tiny Beautiful Things: Advice on Love and Life from Dear Sugar,Cheryl Strayed,tiny beautiful thing advice love life dear sugar,joy
The Kind Worth Killing,Peter  Swanson,kind worth kill,love
You Are Special: A Story for Everyone,Max Lucado,special story everyone,joy
It's Not About the Bike: My Journey Back to Life,"Lance Armstrong, Sally Jenkins",bike journey back life,joy
Sweet Tooth,Ian McEwan,sweet tooth,joy
Flat-Out Love ,Jessica Park,flatout love,joy
Then Came You,Jennifer Weiner,come,joy
Hate List,Jennifer Brown,hate list,joy
"A History of God: The 4,000-Year Quest of Judaism, Christianity, and Islam",Karen Armstrong,history god year quest judaism christianity islam,joy
Everyday Italian: 125 Simple and Delicious Recipes,Giada De Laurentiis,everyday italian simple delicious recipe,joy
I Too Had A Love Story,Ravinder Singh,love story,joy
The Gods Themselves,Isaac Asimov,god,joy
Lilac Girls,Martha Hall Kelly,lilac girl,joy
A Constellation of Vital Phenomena,Anthony Marra,constellation vital phenomenon,joy
The Four Loves,C.S. Lewis,four love,joy
"The Good, the Bad, and the Undead",Kim Harrison,good bad undead,joy
"It's OK, I'm Wearing Really Big Knickers! (Confessions of Georgia Nicolson, #2)",Louise Rennison,ok im wear really big knickers confession georgia nicolson,joy
The First Fifteen Lives of Harry August,Claire North,first fifteen life harry august,joy
Love Letters to the Dead,Ava Dellaira,love letter dead,joy
Divine Justice,David Baldacci,divine justice,joy
A God in Ruins,Kate Atkinson,god ruin,joy
The Girl Who Chased the Moon,Sarah Addison Allen,girl chase moon,joy
The Secret Life Of CeeCee Wilkes,Diane Chamberlain,secret life ceecee wilkes,joy
What We Talk About When We Talk About Love: Stories,Raymond Carver,talk talk love story,joy
Happy Ever After,Nora Roberts,happy ever,joy
The School for Good and Evil,Soman Chainani,school good evil,joy
Mistborn Trilogy Boxed Set,Brandon Sanderson,mistborn trilogy box set,joy
Special Topics in Calamity Physics,Marisha Pessl,special topic calamity physic,joy
The Art of Loving,"Erich Fromm, Peter D. Kramer, Rainer Funk",art love,joy
The Sandman: A Game of You,"Neil Gaiman, Shawn McManus, Colleen Doran, Bryan Talbot, George Pratt, Stan Woch, Dick Giordano, Todd Klein",sandman game,joy
This Is What Happy Looks Like,Jennifer E. Smith,happy look like,joy
Hard Luck,Jeff Kinney,hard luck,joy
Ramona the Brave ,"Beverly Cleary, Alan Tiegreen",ramona brave,joy
Second Glance,Jodi Picoult,second glance,joy
Big Stone Gap,Adriana Trigiani,big stone gap,joy
Peony in Love,Lisa See,peony love,joy
Girl in Translation,Jean Kwok,girl translation,joy
The Teachings of Don Juan: A Yaqui Way of Knowledge,Carlos Castaneda,teaching juan yaqui way knowledge,joy
Love Unrehearsed,Tina Reber,love unrehearsed,joy
The Sandman: Brief Lives,"Neil Gaiman, Jill Thompson, Vince Locke, Peter Straub",sandman brief life,joy
We're Going on a Bear Hunt,"Michael Rosen, Helen Oxenbury",go bear hunt,joy
Tales from a Not-So-Fabulous Life,Rachel Renée Russell,tale notsofabulous life,joy
The Complete Short Stories of Ernest Hemingway,Ernest Hemingway,complete short story ernest hemingway,joy
Evening Class,Maeve Binchy,even class,joy
The Far Pavilions,M.M. Kaye,far pavilion,joy
"Skinny Bitch: A No-Nonsense, Tough-Love Guide for Savvy Girls Who Want to Stop Eating Crap and Start Looking Fabulous!","Rory Freedman, Kim Barnouin",skinny bitch nononsense toughlove guide savvy girl want stop eat crap start look fabulous,joy
"The Realms of the Gods (Immortals, #4)",Tamora Pierce,realm god immortal,joy
One Second After,William R. Forstchen,one second,joy
"Good Faeries, Bad Faeries","Brian Froud, Terry Windling",good faery bad faery,joy
Percy Jackson and the Olympians Boxed Set,Rick Riordan,percy jackson olympian box set,joy
Born Free: A Lioness of Two Worlds,Joy Adamson,bear free lioness two world,joy
The Painted Girls,Cathy Marie Buchanan,painted girl,joy
The Shining Girls,Lauren Beukes,shin girl,joy
An Astronaut’s Guide to Life on Earth,Chris Hadfield,astronauts guide life earth,joy
"Ink Exchange (Wicked Lovely, #2)",Melissa Marr,ink exchange wicked lovely,love
Gone for Good,Harlan Coben,go good,joy
A Game of Thrones - The Graphic Novel Volume 1,"Daniel Abraham, George R.R. Martin, Tommy Patterson",game throne graphic novel volume,joy
Side Jobs: Stories From The Dresden Files,Jim Butcher,side job story dresden file,joy
Skulduggery Pleasant,"Derek Landy, Tom Percival",skulduggery pleasant,joy
Desiring God: Meditations of a Christian Hedonist,John Piper,desire god meditation christian hedonist,joy
Wives and Daughters,"Elizabeth Gaskell, Pam Morris",wife daughter,joy
Girl in Hyacinth Blue,Susan Vreeland,girl hyacinth blue,joy
Girl Online,"Zoe Sugg, Siobhan Curham",girl online,joy
Knowing God,J.I. Packer,know god,joy
The Mastery of Love: A Practical Guide to the Art of Relationship (Toltec Wisdom Book),Miguel Ruiz,mastery love practical guide art relationship toltec wisdom book,joy
Who Do You Love,Jennifer Weiner,love,joy
Enduring Love,Ian McEwan,endure love,joy
Washington: A Life,Ron Chernow,washington life,joy
Secrets of the Millionaire Mind: Mastering the Inner Game of Wealth,T. Harv Eker,secret millionaire mind master inner game wealth,joy
Fierce Invalids Home From Hot Climates,Tom Robbins,fierce invalid home hot climate,love
The Lying Game,Sara Shepard,lying game,joy
When God Was a Rabbit,Sarah Winman,god rabbit,joy
Love & Misadventure,Lang Leav,love misadventure,joy
The Complete Stories,Flannery O'Connor,complete story,joy
"Many Lives, Many Masters",Brian L. Weiss,many life many master,joy
The Natural Way to Draw,"Kimon Nicolaides, Mamie Harmon",natural way draw,joy
"The Little Mouse, the Red Ripe Strawberry, and the Big Hungry Bear","Don    Wood, Audrey Wood",little mouse red ripe strawberry big hungry bear,joy
Some Girls Bite,Chloe Neill,girl bite,joy
Lost in a Good Book,Jasper Fforde,lose good book,joy
"Love Comes Softly (Love Comes Softly, #1)",Janette Oke,love come softly love come softly,joy
Tender at the Bone: Growing Up at the Table,Ruth Reichl,tender bone grow table,love
The Tender Bar: A Memoir,J.R. Moehringer,tender bar memoir,love
"The Ragamuffin Gospel: Good News for the Bedraggled, Beat-Up, and Burnt Out","Brennan Manning, Michael W. Smith, Rich Mullins",ragamuffin gospel good news bedraggled beatup burn,joy
Princess in Love,Meg Cabot,princess love,joy
River God,Wilbur Smith,river god,joy
Oz: The Wonderful Wizard of Oz,"Eric Shanower, Skottie Young, L. Frank Baum",oz wonderful wizard oz,joy
The Complete Calvin and Hobbes,Bill Watterson,complete calvin hobbes,joy
Love Walked In,Marisa de los Santos,love walk,joy
Bone: The Complete Cartoon Epic in One Volume,Jeff Smith,bone complete cartoon epic one volume,joy
Windmills of the Gods,Sidney Sheldon,windmill god,joy
Garlic and Sapphires: The Secret Life of a Critic in Disguise,Ruth Reichl,garlic sapphires secret life critic disguise,joy
Second Chance Summer,Morgan Matson,second chance summer,joy
A Course in Miracles,Foundation for Inner Peace,course miracle,joy
"The Disappearing Spoon: And Other True Tales of Madness, Love, and the History of the World from the Periodic Table of the Elements",Sam Kean,disappearing spoon true tale madness love history world periodic table element,joy
The Practice of the Presence of God,Brother Lawrence,practice presence god,joy
Second Son,Lee Child,second son,joy
The Intelligent Investor,"Benjamin Graham, Jason Zweig, Warren Buffett",intelligent investor,joy
Harry Potter Page to Screen: The Complete Filmmaking Journey,Bob McCabe,harry potter page screen complete filmmaking journey,joy
Gods and Generals,Jeff Shaara,god general,joy
"Panda Bear, Panda Bear, What Do You See?","Bill Martin Jr., Eric Carle",panda bear panda bear see,joy
Love You More,Lisa Gardner,love,joy
Silver Girl,Elin Hilderbrand,silver girl,joy
The Best Christmas Pageant Ever,Barbara Robinson,best christmas pageant ever,joy
The Good Guy,Dean Koontz,good guy,joy
The Best of H.P. Lovecraft ,"H.P. Lovecraft, August Derleth, Robert Bloch",best hp lovecraft,joy
"Conversations with God, An Uncommon Dialogue: Living in the World with Honesty, Courage, and Love, Book 1",Neale Donald Walsch,conversation god uncommon dialogue living world honesty courage love book,joy
"Hawkeye, Volume 1: My Life as a Weapon","Matt Fraction, David Aja, Javier Pulido, Matt Hollingsworth, Chris Eliopoulos, Alan Davis",hawkeye volume life weapon,joy
Love That Dog,Sharon Creech,love dog,joy
The Lion's Game,Nelson DeMille,lion game,joy
The Sandcastle Girls,Chris Bohjalian,sandcastle girl,joy
The Viscount Who Loved Me,Julia Quinn,viscount love,joy
Best Kept Secret,Jeffrey Archer,best kept secret,joy
When Will There Be Good News?,Kate Atkinson,good news,joy
Secrets of a Charmed Life,Susan Meissner,secret charmed life,joy
Experiencing God : Knowing and Doing His Will - Workbook,"Henry T. Blackaby, Claude V. King, Richard Blackaby",experience god knowing workbook,joy
"Love Is a Mix Tape: Life and Loss, One Song at a Time",Rob Sheffield,love mix tape life loss one song time,joy
Good Grief,Lolly Winston,good grief,joy
The Girl In The Ice,Robert Bryndza,girl ice,joy
The Long Way Home,"Joss Whedon, Georges Jeanty",long way home,joy
Going Too Far,Jennifer Echols,go far,joy
Island of the Sequined Love Nun,"Christopher Moore, Oliver Wyman",island sequined love nun,joy
Time Enough for Love,Robert A. Heinlein,time enough love,joy
Kushiel's Chosen,Jacqueline Carey,kushiels choose,joy
The Far Side Gallery 3,Gary Larson,far side gallery,joy
Love Anthony,Lisa Genova,love anthony,joy
Complete Me,J. Kenner,complete,joy
The Geography of Bliss: One Grump's Search for the Happiest Places in the World,Eric    Weiner,geography bliss one grump search happy place world,joy
A Long Way From Chicago,Richard Peck,long way chicago,joy
When I'm Gone,"Emily Bleeker, Dan John Miller",im go,love
Life Expectancy,Dean Koontz,life expectancy,joy
 Innocent Traitor,Alison Weir,innocent traitor,joy
The Killing Game,Iris Johansen,killing game,joy
"Love, Stargirl",Jerry Spinelli,love stargirl,joy
The Life of Elizabeth I,Alison Weir,life elizabeth,joy
Earth: A Visitor's Guide to the Human Race ,"Jon Stewart, Rory Albanese, Kevin Bleyer, Rich Bloomquist, Steve Bodow, Tim Carvell, Wyatt Cenac, Hallie Haglund, J.R. Havlan, David Javerbaum, Elliott Kalan, Josh Lieb, Sam Means, Jo Miller, John Oliver, Daniel Radosh, Jason Ross",earth visitor guide human race,joy
God's Smuggler,"Brother Andrew, Elizabeth Sherrill, John Sherrill",god smuggler,joy
Seconds: A Graphic Novel,"Bryan Lee O'Malley, Nathan Fairbairn",second graphic novel,joy
Elizabeth The Queen: The Life Of A Modern Monarch,Sally Bedell Smith,elizabeth queen life modern monarch,joy
Big Sur,"Jack Kerouac, Aram Saroyan",big sur,joy
Hour Game,David Baldacci,hour game,joy
The Cruelest Month,Louise Penny,cruel month,joy
"As Sure as the Dawn (Mark of the Lion, #3)",Francine Rivers,sure dawn mark lion,joy
"The Undercover Economist: Exposing Why the Rich Are Rich, the Poor Are Poor--and Why You Can Never Buy a Decent Used Car!",Tim Harford,undercover economist expose rich rich poor poorand never buy decent use car,joy
Second Chance,Jane Green,second chance,joy
The Long Tail: Why the Future of Business Is Selling Less of More,Chris Anderson,long tail future business sell less,joy
Swapping Lives,Jane Green,swap life,joy
Assholes Finish First,Tucker Max,asshole finish first,joy
Dear Life,Alice Munro,dear life,joy
"Farewell, My Lovely",Raymond Chandler,farewell lovely,love
Neil Patrick Harris: Choose Your Own Autobiography,"Neil Patrick Harris, David Javerbaum, Antony Hare",neil patrick harris choose autobiography,joy
Fallen in Love,Lauren Kate,fall love,joy
Nemesis Games,James S.A. Corey,nemesis game,joy
"A Return to Love: Reflections on the Principles of ""A Course in Miracles""",Marianne Williamson,return love reflection principle course miracle,joy
Feel The Fear And Do It Anyway: How to Turn Your Fear and Indecision into Confidence and Action,Susan  Jeffers,feel fear anyway turn fear indecision confidence action,joy
Ask the dust ,"John Fante, Charles Bukowski",ask dust,joy
The Wedding Girl,Madeleine Wickham,wedding girl,joy
"From Russia, with Love",Ian Fleming,russia love,joy
Bear Snores On,"Karma Wilson, Jane Chapman",bear snore,joy
"Foundation and Chaos (Second Foundation Trilogy, #2)",Greg Bear,foundation chaos second foundation trilogy,joy
Love Warrior,Glennon Doyle Melton,love warrior,joy
The Girl Who Circumnavigated Fairyland in a Ship of Her Own Making,"Catherynne M. Valente, Ana Juan",girl circumnavigate fairyland ship making,joy
Operating Instructions: A Journal of My Son's First Year,Anne Lamott,operating instruction journal son first year,joy
"Still Life with Crows (Pendergast, #4)","Douglas Preston, Lincoln Child",still life crow pendergast,joy
Why Be Happy When You Could Be Normal?,Jeanette Winterson,happy could normal,joy
Can't We Talk about Something More Pleasant?,Roz Chast,cant talk something pleasant,joy
The Long Hard Road Out of Hell,"Marilyn Manson, Neil Strauss",long hard road hell,joy
The Prodigal God: Christianity Redefined Through the Parable of the Prodigal Sons,Timothy J. Keller,prodigal god christianity redefine parable prodigal son,joy
Nigella Express: Good Food Fast,Nigella Lawson,nigella express good food fast,joy
Fish! A Remarkable Way to Boost Morale and Improve Results,"Stephen C. Lundin, Harry Paul, John Christensen, Kenneth H. Blanchard",fish remarkable way boost morale improve result,joy
Dances with Wolves,Michael Blake,dance wolf,joy
E.E. Cummings: Complete Poems 1904-1962,E.E. Cummings,ee cummings complete poem,joy
Where the Mountain Meets the Moon,Grace Lin,mountain meet moon,joy
Rock Hard,Olivia Cunning,rock hard,joy
How to Build a Girl,Caitlin Moran,build girl,joy
Searching for God Knows What,Donald Miller,search god know,joy
Born in Ice,Nora Roberts,bear ice,joy
The Silent Girl,Tess Gerritsen,silent girl,joy
Preacher: Proud Americans,"Garth Ennis, Steve Dillon, Penn Jillette",preacher proud american,joy
"Game Change: Obama and the Clintons, McCain and Palin, and the Race of a Lifetime","John Heilemann, Mark Halperin",game change obama clinton mccain palin race lifetime,joy
Creative Visualization: Use the Power of Your Imagination to Create What You Want in Your Life,Shakti Gawain,creative visualization use power imagination create want life,joy
Metro Girl,Janet Evanovich,metro girl,joy
Second Grave on the Left,Darynda Jones,second grave left,joy
The Game,Neil Strauss,game,joy
The Best Laid Plans,Sidney Sheldon,best laid plan,joy
White Hot Kiss,Jennifer L. Armentrout,white hot kiss,love
The Egypt Game,Zilpha Keatley Snyder,egypt game,joy
"Love Is a Dog from Hell: Poems, 1974-1977",Charles Bukowski,love dog hell poem,joy
Can Love Happen Twice?,Ravinder Singh,love happen twice,joy
This Boy's Life: A Memoir,Tobias Wolff,boys life memoir,joy
 Feeling Good: The New Mood Therapy,David D. Burns,feel good new mood therapy,joy
Codependent No More: How to Stop Controlling Others and Start Caring for Yourself,Melody Beattie,codependent stop control others start care,love
Delicious!,Ruth Reichl,delicious,joy
Love wins,Rob Bell,love win,joy
The Quiet Game,Greg Iles,quiet game,joy
Deceptively Delicious: Simple Secrets to Get Your Kids Eating Good Food,Jessica Seinfeld,deceptively delicious simple secret get kid eat good food,joy
The English Girl,Daniel Silva,english girl,joy
Chosen Prey,John Sandford,choose prey,joy
Head Games ,"Joe Hill, Gabriel Rodríguez",head game,joy
No Second Chance,Harlan Coben,second chance,joy
The Girl Who Fell From the Sky,Heidi W. Durrow,girl fell sky,joy
"Loves Music, Loves to Dance",Mary Higgins Clark,love music love dance,joy
Sweet Dreams,Kristen Ashley,sweet dream,love
My True Love Gave to Me: Twelve Holiday Stories,"Stephanie Perkins, Holly Black, Ally Carter, Matt de la Pena, Gayle Forman, Jenny Han, David Levithan, Kelly Link, Myra McEntire, Rainbow Rowell, Laini Taylor, Kiersten White",true love give twelve holiday story,joy
"An Illustrated Life: Drawing Inspiration From The Private Sketchbooks Of Artists, Illustrators And Designers",Danny Gregory,illustrated life draw inspiration private sketchbook artist illustrator designer,joy
The Creative License: Giving Yourself Permission to Be The Artist You Truly Are,Danny Gregory,creative license give permission artist truly,joy
Plan B: Further Thoughts on Faith,Anne Lamott,plan b thought faith,joy
"Bless Me, Ultima",Rudolfo Anaya,bless ultima,love
The Full Cupboard of Life,Alexander McCall Smith,full cupboard life,joy
"Finding me : A Decade of Darkness, a Life Reclaimed","Michelle Knight, Michelle Burford",find decade darkness life reclaim,joy
Born in Shame,Nora Roberts,bear shame,joy
Girl in a Band,Kim Gordon,girl band,joy
A Simple Plan,Scott B. Smith,simple plan,joy
The Long Way Home,Louise Penny,long way home,joy
"No god but God: The Origins, Evolution, and Future of Islam",Reza Aslan,god god origin evolution future islam,joy
Where I’m Calling From: The Selected Stories,Raymond Carver,im call select story,joy
Vanishing Girls,Lauren Oliver,vanish girl,joy
Percy Jackson's Greek Gods,"Rick Riordan, John Rocco",percy jackson greek god,joy
"The Social Animal: The Hidden Sources of Love, Character, and Achievement",David  Brooks,social animal hidden source love character achievement,joy
Small Island,Andrea Levy,small island,joy
"Second Helpings (Jessica Darling, #2)",Megan McCafferty,second helping jessica darling,joy
The Happiest Baby on the Block,Harvey Karp,happy baby block,joy
The Good Lord Bird,James McBride,good lord bird,joy
One Good Turn,Kate Atkinson,one good turn,joy
What Got You Here Won't Get You There: How Successful People Become Even More Successful,"Marshall Goldsmith, Mark Reiter",get wont get successful people become even successful,joy
Jacob Have I Loved,Katherine Paterson,jacob love,joy
"Sherlock Holmes: The Complete Novels and Stories, Volume I",Arthur Conan Doyle,sherlock holmes complete novel story volume,joy
Strong Poison,Dorothy L. Sayers,strong poison,joy
The Far Side Gallery,Gary Larson,far side gallery,joy
The Blank Slate: The Modern Denial of Human Nature,Steven Pinker,blank slate modern denial human nature,joy
If You Give a Pig a Party (If You Give...),"Laura Joffe Numeroff, Felicia Bond",give pig party give,joy
Desire Unchained (Shadow Lover),Larissa Ione,desire unchain shadow lover,joy
The Girls,Lori Lansens,girl,joy
Rising Strong,Brené Brown,rise strong,joy
The Hating Game,Sally   Thorne,hating game,joy
The Bear and the Dragon,Tom Clancy,bear dragon,joy
I'm Just Here for the Food: Food + Heat = Cooking,Alton Brown,im food food heat cooking,joy
Love's Executioner & Other Tales of Psychotherapy,Irvin D. Yalom,love executioner tale psychotherapy,joy
The Last Seven Months of Anne Frank,Willy Lindwer,last seven month anne frank,joy
The Yonahlossee Riding Camp for Girls,Anton DiSclafani,yonahlossee rid camp girl,joy
Dance of the Gods,Nora Roberts,dance god,joy
Everyone Brave Is Forgiven,Chris Cleave,everyone brave forgive,joy
The Things We Do for Love,Kristin Hannah,thing love,joy
Hard Bitten,Chloe Neill,hard bitten,joy
Barefoot Contessa Family Style: Easy Ideas and Recipes That Make Everyone Feel Like Family,"Ina Garten, Maura McEvoy",barefoot contessa family style easy idea recipe make everyone feel like family,joy
Long Lost,Harlan Coben,long lose,joy
The Innocent,Harlan Coben,innocent,joy
"Dance with a Vampire (Vampire Kisses, #4)",Ellen Schreiber,dance vampire vampire kiss,joy
The Moral Landscape: How Science Can Determine Human Values,Sam Harris,moral landscape science determine human value,joy
Che Guevara: A Revolutionary Life,Jon Lee Anderson,che guevara revolutionary life,joy
"The New Best Recipe: All-New Edition with 1,000 Recipes","Cook's Illustrated Magazine, John Burgoyne, Carl Tremblay",new best recipe allnew edition recipe,joy
The Proper Care and Feeding of Husbands,Laura C. Schlessinger,proper care feeding husband,love
Natural Born Charmer,Susan Elizabeth Phillips,natural bear charmer,joy
Nature Girl,Carl Hiaasen,nature girl,joy
The Ascent of Money: A Financial History of the World,Niall Ferguson,ascent money financial history world,joy
Food: A Love Story,Jim Gaffigan,food love story,joy
The Quillan Games,D.J. MacHale,quillan game,joy
"The Green Mile, Part 1: The Two Dead Girls",Stephen King,green mile part two dead girl,joy
Better Than Before: Mastering the Habits of Our Everyday Lives,Gretchen Rubin,good master habit everyday life,joy
"Fables, Volume 3: Storybook Love","Bill Willingham, Mark Buckingham, Steve Leialoha, James Jean",fable volume storybook love,joy
Bearing an Hourglass,Piers Anthony,bear hourglass,joy
My Sweet Audrina,V.C. Andrews,sweet audrina,joy
John Keats : The Complete Poems,John Keats,john keats complete poem,joy
"Whitney, My Love",Judith McNaught,whitney love,joy
Zomerhuis met zwembad,Herman Koch,zomerhuis meet zwembad,joy
Genius: The Life and Science of Richard Feynman,James Gleick,genius life science richard feynman,joy
The Pigeon Finds a Hot Dog!,Mo Willems,pigeon find hot dog,love
The Love Affairs of Nathaniel P. ,Adelle Waldman,love affair nathaniel p,joy
Dancing in my nuddy-pants!,Louise Rennison,dance nuddypants,joy
The Longest Day,Cornelius Ryan,long day,joy
I is for Innocent,Sue Grafton,innocent,joy
Money,Martin Amis,money,joy
Charmed Life ,Diana Wynne Jones,charm life,joy
The Big Four,Agatha Christie,big four,joy
Love Medicine,Louise Erdrich,love medicine,joy
The Crippled God,Steven Erikson,cripple god,joy
I'm OK-You're OK,Thomas A. Harris,im okyoure ok,joy
Born on a Blue Day: Inside the Extraordinary Mind of an Autistic Savant,Daniel Tammet,bear blue day inside extraordinary mind autistic savant,joy
Lust for Life: A Novel of Vincent Van Gogh,Irving Stone,lust life novel vincent van gogh,joy
Private Games ,"James Patterson, Mark T. Sullivan",private game,joy
The Good Husband of Zebra Drive,Alexander McCall Smith,good husband zebra drive,joy
The Forbidden Game,L.J. Smith,forbidden game,joy
You Know You Love Me,Cecily von Ziegesar,know love,joy
For the Love: Fighting for Grace in a World of Impossible Standards,Jen Hatmaker,love fighting grace world impossible standard,joy
Sweet Filthy Boy ,Christina Lauren,sweet filthy boy,love
The Rising : Antichrist is Born : Before They Were Left Behind,"Tim LaHaye, Jerry B. Jenkins",rise antichrist bear leave behind,joy
Loving What Is: Four Questions That Can Change Your Life,"Byron Katie, Stephen Mitchell",love four question change life,joy
The Complete Poetry & Prose of William Blake,"William Blake, David V. Erdman, Harold Bloom",complete poetry prose william blake,joy
Passion and Purity: Learning to Bring Your Love Life Under Christ's Control,Elisabeth Elliot,passion purity learning bring love life christ control,joy
Practice Makes Perfect,Julie James,practice make perfect,joy
An Innocent Client,Scott Pratt,innocent client,joy
A Lot Like Love,Julie James,lot like love,love
Big Red,"Jim Kjelgaard, Carl Pfeuffer",big red,joy
A Dance With Dragons: Part 2 After The Feast,George R.R. Martin,dance dragon part feast,joy
A Good Yarn,Debbie Macomber,good yarn,joy
Love in the Afternoon,Lisa Kleypas,love afternoon,joy
The Good Soldier,"Ford Madox Ford, Kenneth Womack, William Baker",good soldier,joy
Big Bang: The Origin of the Universe,Simon Singh,big bang origin universe,joy
Gods in Alabama,Joshilyn Jackson,god alabama,joy
"Love Bites (Vampire Kisses, #7)",Ellen Schreiber,love bite vampire kiss,joy
Girl of Nightmares,Kendare Blake,girl nightmare,joy
Cemetery Dance,"Douglas Preston, Lincoln Child",cemetery dance,joy
Barnyard Dance,Sandra Boynton,barnyard dance,joy
In Real Life,"Cory Doctorow, Jen Wang",real life,joy
Vinegar Girl,Anne Tyler,vinegar girl,joy
This Book Is Not Good for You,"Pseudonymous Bosch, Gilbert Ford",book good,joy
The Sweet Gum Tree,Katherine Allred,sweet gum tree,joy
Class A (Cherub #2),Robert Muchamore,class cherub,joy
Mitford Years New Song Unabridged,Jan Karon,mitford year new song unabridged,joy
Girl at War,Sara Nović,girl war,joy
The Fourth Bear,Jasper Fforde,fourth bear,joy
"Life is What You Make It: A Story of Love, Hope and How Determination Can Overcome Even Destiny",Preeti Shenoy,life make story love hope determination overcome even destiny,joy
Van Gogh: The Life,"Steven Naifeh, Gregory White Smith",van gogh life,joy
Care of the Soul : A Guide for Cultivating Depth and Sacredness in Everyday Life,Thomas  Moore,care soul guide cultivate depth sacredness everyday life,love
"The Innocent Mage (Kingmaker, Kingbreaker, #1)",Karen Miller,innocent mage kingmaker kingbreaker,joy
The Subtle Art of Not Giving a F*ck: A Counterintuitive Approach to Living a Good Life,Mark Manson,subtle art give fck counterintuitive approach live good life,joy
Second Treatise of Government,"John Locke, C.B. Macpherson",second treatise government,joy
Geisha: A Life,"Mineko Iwasaki, Rande Brown",geisha life,joy
The Knowledge of the Holy: The Attributes of God: Their Meaning in the Christian Life,A.W. Tozer,knowledge holy attribute god meaning christian life,joy
Sacred Contracts: Awakening Your Divine Potential,Caroline Myss,sacred contract awaken divine potential,joy
The Happy Prince and The House of Pomegranates,Oscar Wilde,happy prince house pomegranate,joy
Ask the Passengers,A.S. King,ask passenger,joy
Something Wonderful,Judith McNaught,something wonderful,joy
Believing Christ: The Parable of the Bicycle and Other Good News,Stephen E. Robinson,believe christ parable bicycle good news,joy
"Soccernomics: Why England Loses, Why Germany and Brazil Win, and Why the U.S., Japan, Australia, Turkey--and Even Iraq--Are Destined to Become the Kings of the World's Most Popular Sport","Simon Kuper, Stefan Szymanski",soccernomics england lose germany brazil win u japan australia turkeyand even iraqare destine become king world popular sport,joy
"Don't Die, My Love",Lurlene McDaniel,dont die love,joy
This Is the Story of a Happy Marriage,Ann Patchett,story happy marriage,joy
The Damnation Game,Clive Barker,damnation game,joy
How Will You Measure Your Life?,"Clayton M. Christensen, James Allworth, Karen Dillon",measure life,joy
Lab Girl,Hope Jahren,lab girl,joy
Loving Mr. Daniels,Brittainy C. Cherry,love mr daniel,joy
The Lives of Christopher Chant,Diana Wynne Jones,life christopher chant,joy
The Good Luck of Right Now,Matthew Quick,good luck right,joy
Talent Is Overrated: What Really Separates World-Class Performers from Everybody Else,Geoff Colvin,talent overrate really separate worldclass performer everybody else,love
The Complete Phantom of the Opera,"George C. Perry, Clive Barda, Jane Rice, Andrew Lloyd Webber",complete phantom opera,joy
"The Lost Child of Philomena Lee: A Mother, Her Son And A Fifty Year Search",Martin Sixsmith,lost child philomena lee mother son fifty year search,joy
"The Google Story: Inside the Hottest Business, Media, and Technology Success of Our Time",David A. Vise,google story inside hot business medium technology success time,love
Finally,Wendy Mass,finally,joy
Second Honeymoon,"James Patterson, Howard Roughan",second honeymoon,joy
The Secret Life of Violet Grant,Beatriz Williams,secret life violet grant,joy
My Life on the Road,Gloria Steinem,life road,joy
A Bridge Too Far,Cornelius Ryan,bridge far,joy
"Sweet Surrender (Sweet Series, #1)",Maya Banks,sweet surrender sweet series,joy
Surrender Your Love,J.C. Reed,surrender love,joy
The Wonderful Story Of Henry Sugar And Six More,Roald Dahl,wonderful story henry sugar six,joy
"Far from the Tree: Parents, Children, and the Search for Identity",Andrew Solomon,far tree parent child search identity,joy
All But My Life,Gerda Weissmann Klein,life,joy
"To Sir Phillip, With Love",Julia Quinn,sir phillip love,joy
Miracle in the Andes: 72 Days on the Mountain and My Long Trek Home,"Nando Parrado, Vince Rause",miracle andes day mountain long trek home,joy
As Chimney Sweepers Come to Dust ,Alan Bradley,chimney sweeper come dust,joy
Private Peaceful,Michael Morpurgo,private peaceful,joy
"God Bless You, Dr. Kevorkian",Kurt Vonnegut Jr.,god bless dr kevorkian,love
Desires of the Dead,Kimberly Derting,desire dead,joy
Jeremy Fink and the Meaning of Life,Wendy Mass,jeremy fink meaning life,joy
Black List,Brad Thor,black list,joy
"Transmetropolitan, Vol. 2: Lust for Life","Warren Ellis, Darick Robertson",transmetropolitan vol lust life,joy
The Naked God ,Peter F. Hamilton,naked god,joy
"Come Back, Amelia Bedelia","Peggy Parish, Wallace Tripp",come back amelia bedelia,joy
The List,Siobhan Vivian,list,joy
"The Life and Opinions of Tristram Shandy, Gentleman","Laurence Sterne, Melvyn New",life opinion tristram shandy gentleman,joy
The Perfect Son,Barbara Claypole White,perfect son,joy
The Girl Before,J.P. Delaney,girl,joy
The Better Angels of Our Nature. Why Violence has Declined,Steven Pinker,good angel nature violence decline,joy
"Maid for Love (Gansett Island Series, #1)",Marie Force,maid love gansett island series,joy
"Among the Brave (Shadow Children, #5)",Margaret Peterson Haddix,among brave shadow child,joy
Our Band Could Be Your Life: Scenes from the American Indie Underground 1981-1991,Michael Azerrad,band could life scene american indie underground,joy
The Darkness That Comes Before,R. Scott Bakker,darkness come,joy
"The Dirty Life: On Farming, Food, and Love",Kristin Kimball,dirty life farm food love,joy
"Lots of Candles, Plenty of Cake",Anna Quindlen,lot candle plenty cake,joy
The Vor Game,Lois McMaster Bujold,vor game,joy
The Sweet Potato Queens' Book of Love,Jill Conner Browne,sweet potato queen book love,love
Divine Misdemeanors ,Laurell K. Hamilton,divine misdemeanor,joy
All Tomorrow's Parties,William Gibson,tomorrows party,joy
Drinking: A Love Story,Caroline Knapp,drink love story,joy
"Best Friends for Never (The Clique, #2)",Lisi Harrison,best friend never clique,joy
of course i love you,"Durjoy Datta, Maanvi Ahuja",course love,joy
The List,Steve Martini,list,joy
The Way of Zen,Alan W. Watts,way zen,joy
Good as Gone,Amy Gentry,good go,joy
Essays in Love,Alain de Botton,essay love,joy
When the Game Was Ours,"Larry Bird, Earvin Johnson, Jackie MacMullan",game,joy
The Blessing Way,Tony Hillerman,blessing way,joy
Party Princess,Meg Cabot,party princess,joy
Big Rock,Lauren Blakely,big rock,joy
"Lunch in Paris: A Love Story, with Recipes",Elizabeth Bard,lunch paris love story recipe,joy
Love and War ,John Jakes,love war,joy
I'm with the Band: Confessions of a Groupie,"Pamela Des Barres, Dave Navarro",im band confession groupie,love
The Many Lives & Secret Sorrows of Josephine B.,Sandra Gulland,many life secret sorrow josephine b,joy
The Daughter of Time,Josephine Tey,daughter time,joy
The Love Song of J. Alfred Prufrock and Other Poems,T.S. Eliot,love song j alfred prufrock poem,joy
A Girl of the Limberlost,Gene Stratton-Porter,girl limberlost,joy
The Holiness of God,R.C. Sproul,holiness god,joy
"What Remains: A Memoir of Fate, Friendship, and Love",Carole Radziwill,remain memoir fate friendship love,joy
The Way to Cook,Julia Child,way cook,joy
Second Life,S.J. Watson,second life,joy
The One Thing: The Surprisingly Simple Truth Behind Extraordinary Results ,"Gary Keller, Jay Papasan",one thing surprisingly simple truth behind extraordinary result,joy
Flyy Girl,Omar Tyree,flyy girl,joy
Job: A Comedy of Justice,Robert A. Heinlein,job comedy justice,joy
We Never Asked for Wings,Vanessa Diffenbaugh,never ask wing,joy
Dexter Is Delicious,Jeff Lindsay,dexter delicious,joy
Very Good Lives: The Fringe Benefits of Failure and the Importance of Imagination,"J.K. Rowling, Joel Holland",good live fringe benefit failure importance imagination,joy
Only the Innocent,Rachel Abbott,innocent,joy
A Better World,Marcus Sakey,good world,joy
"Hot, Flat, and Crowded: Why We Need a Green Revolution--and How It Can Renew America",Thomas L. Friedman,hot flat crowded need green revolutionand renew america,love
Best Friends with a Self-Confessed Player,Kirsty Moseley,best friend selfconfessed player,joy
The Mapping of Love and Death,Jacqueline Winspear,mapping love death,joy
Born to Run,Bruce Springsteen,bear run,joy
Hallowe'en Party,Agatha Christie,halloween party,joy
The Five Love Languages of Children,"Gary Chapman, D. Ross Campbell",five love language child,joy
The Paper Girls - Vol 1,"Brian K. Vaughan, Cliff Chiang, Matthew Wilson",paper girl vol,joy
"The Belgariad Boxed Set: Pawn of Prophecy, Queen of Sorcery, Magician's Gambit, Castle of Wizardry, & Enchanters' End Game (The Belgariad, #1-5)",David Eddings,belgariad box set pawn prophecy queen sorcery magician gambit castle wizardry enchanter end game belgariad,joy
Frog And Toad Book Set: Frog And Toad Are Friends; Frog And Toad Together; Days With Frog And Toad; Frog And Toad All Year,Arnold Lobel,frog toad book set frog toad friend frog toad together day frog toad frog toad year,joy
Lady Almina and the Real Downton Abbey: The Lost Legacy of Highclere Castle,Fiona Carnarvon,lady almina real downton abbey lost legacy highclere castle,joy
Possessing the Secret of Joy,Alice Walker,possess secret joy,joy
Way Station,Clifford D. Simak,way station,joy
Someone To Love,Addison Moore,someone love,joy
How to Save a Life,Sara Zarr,save life,joy
Jamie at Home: Cook Your Way to the Good Life,Jamie Oliver,jamie home cook way good life,joy
The Danish Girl,David Ebershoff,danish girl,joy
Brave New World Revisited ,Aldous Huxley,brave new world revisit,joy
How to Be Popular,Meg Cabot,popular,joy
The Complete Poems: Anne Sexton,"Anne Sexton, Maxine Kumin",complete poem anne sexton,joy
First Love,"James Patterson, Emily Raymond",first love,joy
The Love Song of Miss Queenie Hennessy,Rachel Joyce,love song miss queenie hennessy,joy
"Big Boned (Heather Wells, #3)",Meg Cabot,big bone heather well,joy
Malcolm X: A Life of Reinvention,Manning Marable,malcolm x life reinvention,joy
The Complete Guide to Middle-Earth,"Robert Foster, J.R.R. Tolkien",complete guide middleearth,joy
A Girl Like You,Gemma Burgess,girl like,joy
The Left Hand of God ,Paul  Hoffman,left hand god,joy
How to Love,Katie Cotugno,love,joy
A Dog's Life: Autobiography of a Stray,Ann M. Martin,dogs life autobiography stray,joy
"The Secret Race: Inside the Hidden World of the Tour de France: Doping, Cover-ups, and Winning at All Costs","Tyler Hamilton, Daniel Coyle",secret race inside hidden world tour de france dope coverups win cost,joy
Big Nate on a Roll,Lincoln Peirce,big nate roll,joy
A Long Way Home,Saroo Brierley,long way home,joy
The Second Assistant: A Tale from the Bottom of the Hollywood Ladder,"Clare Naylor, Mimi Hare",second assistant tale bottom hollywood ladder,joy
The Life and Adventures of Martin Chuzzlewit,"Charles Dickens, Patricia Ingham, Hablot Knight Browne",life adventure martin chuzzlewit,joy
Marcelo in the Real World,Francisco X. Stork,marcelo real world,joy
Enemy of God,Bernard Cornwell,enemy god,joy
The Gods of Mars,Edgar Rice Burroughs,god mar,joy
"The Accidental Billionaires: The Founding of Facebook: A Tale of Sex, Money, Genius and Betrayal",Ben Mezrich,accidental billionaires founding facebook tale sex money genius betrayal,joy
The Missing Piece Meets the Big O,Shel Silverstein,miss piece meet big,joy
The Relatives Came,"Cynthia Rylant, Stephen Gammell",relative come,joy
What I Loved,Siri Hustvedt,love,joy
Mirror Dance,Lois McMaster Bujold,mirror dance,joy
The Life List,Lori Nelson Spielman,life list,joy
Oogy: The Dog Only a Family Could Love,Larry Levin,oogy dog family could love,joy
Almost French: Love and a New Life in Paris,Sarah Turnbull,almost french love new life paris,joy
Gentle Rogue,Johanna Lindsey,gentle rogue,love
"Girl, Stolen",April Henry,girl stolen,joy
The girl who was on fire,"Leah Wilson, Jennifer Lynn Barnes, Mary Borsellino, Sarah Rees Brennan, Terri  Clark, Bree Despain, Adrienne Kress, Sarah Darer Littman, Cara Lockwood, Elizabeth M. Rees, Carrie Ryan, Ned Vizzini, Lili Wilkinson, Blythe Woolston",girl fire,joy
Gonzo: The Life of Hunter S. Thompson,"Jann S. Wenner, Corey Seymour",gonzo life hunter thompson,joy
"ttyl (Internet Girls, #1)",Lauren Myracle,ttyl internet girl,joy
The Look of Love,Bella Andre,look love,joy
I Love You Through And Through,"Bernadette Rossetti-Shustak, Caroline Jayne Church",love,joy
Big Fish: A Novel of Mythic Proportions,Daniel Wallace,big fish novel mythic proportion,joy
Lush Life,Richard Price,lush life,joy
One Good Dog,Susan  Wilson,one good dog,joy
The Sound of Gravel,Ruth Wariner,sound gravel,joy
The Complete Adventures of Peter Rabbit,Beatrix Potter,complete adventure peter rabbit,joy
Hard Magic,Larry Correia,hard magic,joy
The Skin I'm In,Sharon G. Flake,skin im,joy
Before we met,Lucie Whitehouse,meet,joy
Good Wives,Louisa May Alcott,good wife,joy
Girls in Love,Jacqueline Wilson,girl love,joy
The Creative Habit: Learn It and Use It for Life,Twyla Tharp,creative habit learn use life,joy
Devil's Game,Joanna Wylde,devil game,joy
Getting Stoned with Savages: A Trip Through the Islands of Fiji and Vanuatu,J. Maarten Troost,get stone savage trip island fiji vanuatu,joy
Big Trouble,Dave Barry,big trouble,joy
Because I'm Worth It,Cecily von Ziegesar,im worth,joy
Life after God,Douglas Coupland,life god,joy
Hot Water Music,Charles Bukowski,hot water music,love
True Love Story,Willow Aster,true love story,joy
The Invisible Wall: A Love Story That Broke Barriers,Harry Bernstein,invisible wall love story break barrier,joy
An Old-Fashioned Girl,Louisa May Alcott,oldfashioned girl,joy
The tragedie of King Richard the second,"William Shakespeare, Roma Gill, Robert          Jackson",tragedie king richard second,joy
Prisoner of my desire ,Johanna Lindsey,prisoner desire,joy
After I'm Gone,Laura Lippman,im go,love
Shadows of the Workhouse: The Drama of Life in Postwar London,Jennifer Worth,shadow workhouse drama life postwar london,joy
The Automatic Millionaire: A Powerful One-Step Plan to Live and Finish Rich,David Bach,automatic millionaire powerful onestep plan live finish rich,joy
The Sweet Life in Paris: A Recipe for Living in the World's Most Delicious City,David Lebovitz,sweet life paris recipe living world delicious city,love
Ain't She Sweet?,Susan Elizabeth Phillips,aint sweet,joy
"Fables, Volume 10: The Good Prince","Bill Willingham, Mark Buckingham, Steve Leialoha, Aaron Alexovich, Andrew Pepoy",fable volume good prince,joy
Das Kunstwerk im Zeitalter seiner technischen Reproduzierbarkeit,"Walter Benjamin, Michael W. Jennings, Brigid Doherty, Edmund F.N. Jephcott, Rodney Livingstone, Howard Eiland, Thomas Y. Levin",da kunstwerk im zeitalter seiner technischen reproduzierbarkeit,love
Going Rogue: An American Life,"Sarah Palin, Lynn Vincent, Dewey Whetsell",go rogue american life,joy
Love You to Death: The Unofficial Companion to The Vampire Diaries,Crissy Calhoun,love death unofficial companion vampire diary,joy
The Billionaire Wins the Game,Melody Anne,billionaire win game,joy
Never Love a Highlander,Maya Banks,never love highlander,joy
Candy Girl,Diablo Cody,candy girl,joy
Hot Ticket,Olivia Cunning,hot ticket,love
Sweet Addiction,J.  Daniels,sweet addiction,joy
The Complete Tales and Poems of Edgar Allan Poe,Edgar Allan Poe,complete tale poem edgar allan poe,joy
How to Fall in Love,Cecelia Ahern,fall love,joy
Three Complete Novels: Carrie/Salem's Lot/The Shining,Stephen King,three complete novel carriesalems lotthe shining,joy
"The Way of Kings, Part 1",Brandon Sanderson,way king part,joy
How to Make Love Like a Porn Star: A Cautionary Tale,"Jenna Jameson, Neil Strauss",make love like porn star cautionary tale,joy
The Girl from Krakow,Alex Rosenberg,girl krakow,joy
For Love of Evil,Piers Anthony,love evil,joy
"An Acceptable Time (Time Quintet, #5)",Madeleine L'Engle,acceptable time time quintet,joy
Love Bites,Lynsay Sands,love bite,joy
Hard Choices,Hillary Rodham Clinton,hard choice,joy
Roller Girl,Victoria Jamieson,roller girl,joy
The Best Nest,P.D. Eastman,best nest,joy
If Life Is a Bowl of Cherries—What Am I Doing in the Pits?,Erma Bombeck,life bowl cherrieswhat pit,joy
The Forge of God,Greg Bear,forge god,joy
"Sweet Persuasion (Sweet Series, #2)",Maya Banks,sweet persuasion sweet series,joy
After Ever Happy,Anna Todd,ever happy,joy
"Artemis Fowl Boxed Set (Artemis Fowl, #1-5)",Eoin Colfer,artemis fowl box set artemis fowl,joy
April 1865: The Month That Saved America (P.S.),Jay Winik,april month save america p,joy
The Girl in the Steel Corset,Kady Cross,girl steel corset,joy
"Nice Girls Don't Have Fangs (Jane Jameson, #1)",Molly Harper,nice girl dont fang jane jameson,joy
When the Emperor Was Divine,Julie Otsuka,emperor divine,joy
The Wicked Girls,Alex Marwood,wicked girl,joy
Wonderful Tonight: An Autobiography,"Pattie Boyd, Penny Junor",wonderful tonight autobiography,joy
The Big Nowhere,James Ellroy,big nowhere,joy
Too Good To Be True,Kristan Higgins,good true,joy
Tao of Pooh and Te of Piglet Boxed Set,Benjamin Hoff,tao pooh te piglet boxed set,joy
5 Very Good Reasons to Punch a Dolphin in the Mouth (and Other Useful Guides),Matthew Inman,good reason punch dolphin mouth useful guide,joy
The Gods of War,Conn Iggulden,god war,joy
The Last Time We Say Goodbye,Cynthia Hand,last time say goodbye,joy
The Way the Crow Flies,Ann-Marie MacDonald,way crow fly,joy
The Second Ship,Richard   Phillips,second ship,joy
On the Way to Wedding,Julia Quinn,way wedding,joy
Apathy and Other Small Victories,Paul Neilan,apathy small victory,joy
Grave Dance,Kalayna Price,grave dance,joy
The Faithful Spy,Alex Berenson,faithful spy,love
"Healthy Sleep Habits, Happy Child",Marc Weissbluth,healthy sleep habit happy child,joy
The Girl in the Red Coat,Kate Hamer,girl red coat,joy
Hard Limit,Meredith Wild,hard limit,joy
Hammer of the Gods,Stephen Davis,hammer god,joy
Better Than Life,Grant Naylor,good life,joy
The Complete Robot,Isaac Asimov,complete robot,joy
"The Power of Full Engagement: Managing Energy, Not Time, Is the Key to High Performance and Personal Renewal","Jim Loehr, Tony Schwartz",power full engagement manage energy time key high performance personal renewal,joy
"Sweet Tooth, Volume 1: Out of the Deep Woods","Jeff Lemire, José Villarrubia, Carlos M. Mangual",sweet tooth volume deep wood,love
A Kiss for Little Bear,"Else Holmelund Minarik, Maurice Sendak",kiss little bear,joy
The Berenstain Bears and Too Much TV,"Stan Berenstain, Jan Berenstain",berenstain bear much tv,joy
Life Before Legend,Marie Lu,life legend,joy
The Tiger Who Came to Tea,Judith Kerr,tiger come tea,joy
"Without You, There Is No Us: My Time with the Sons of North Korea's Elite",Suki Kim,without u time son north korea elite,joy
Beacon 23: The Complete Novel,Hugh Howey,beacon complete novel,joy
Then Came You,Lisa Kleypas,come,joy
The Dancing Wu Li Masters: An Overview of the New Physics,Gary Zukav,dance wu li master overview new physic,joy
Divine Madness,Robert Muchamore,divine madness,joy
Innocent,Scott Turow,innocent,joy
Hard As It Gets,Laura Kaye,hard get,joy
The Bridge Across Forever: A True Love Story,Richard Bach,bridge across forever true love story,joy
The Mambo Kings Play Songs of Love,Oscar Hijuelos,mambo king play song love,joy
